Denominación: DemoSA,Fecha: 2025-09-11,Moneda homogénea,Comparativo Actual/Anterior
ESTADO DE RESULTADOS (RT 9)
Detalle,Actual,Anterior
Ventas netas de bienes (o servicios),,
Costo de los bienes vendidos (o servicios prestados) (Anexo),,
Ganancia (Pérdida) bruta,,
Resultado por valuación de bienes de cambio al VNR (Nota),,
Gastos de comercialización (Anexo),,
Gastos de administración (Anexo),,
Otros gastos (Anexo),,
Resultados de inversiones en entes relacionados (Nota),,
Resultados de otras inversiones (Nota),,
Resultados financieros y por tenencia (incluye RECPAM) - Generados por activos,,
Resultados financieros y por tenencia (incluye RECPAM) - Generados por pasivos,,
Otros ingresos y egresos (Nota),,
Ganancia (Pérdida) antes del impuesto a las ganancias,,
Impuesto a las ganancias (Nota),,
Ganancia (Pérdida) ordinaria de las operaciones que continúan,,
Resultados por operaciones en descontinuación (si corresponde),,
Ganancia (Pérdida) del ejercicio,,
